Source,Target,Weight
YouTuber,orslok,748
YouTuber,pana miguel,4
YouTuber,maximus,13
YouTuber,abby,2
YouTuber,vegeta,12
YouTuber,di gref,1
YouTuber,eduardo,1
YouTuber,cristinini,2
YouTuber,vegetta,3
YouTuber,alexby,14
YouTuber,auronplay,4
YouTuber,auron,3
YouTuber,wolfang,5
YouTuber,flipin,3
YouTuber,duki,1
YouTuber,fornai,1
YouTuber,kim,2
YouTuber,mi pana miguel,1
YouTuber,follana,2
YouTuber,rubius,30
YouTuber,mangel,5
YouTuber,cheeto,6
YouTuber,valorant,2
YouTuber,lolito,2
YouTuber,ibai,22
YouTuber,m1xwell,2
YouTuber,ulises,2
YouTuber,ander,2
YouTuber,revenant,2
YouTuber,wolfangkillers,1
YouTuber,vinagree,1
YouTuber,illojuan,6
YouTuber,rober wido,1
YouTuber,Idubbbz,1
YouTuber,chico karmaland,1
YouTuber,juanluuuuuuuuuuuuuuuuuuuuuuuuu,121
YouTuber,juanluu78,87
YouTuber,orslokx,176
YouTuber,juanlukaa,14
YouTuber,juanluuuuuuuuuuuuuuuuuuuu,7
YouTuber,luzu,1
YouTuber,reven,2
YouTuber,jacky,2
YouTuber,jagger,2
YouTuber,zorman,1
YouTuber,lolito pogo,1
YouTuber,elemao pedrazo,1
YouTuber,alexby chup,1
YouTuber,knekro marih,1
YouTuber,fargan,2
YouTuber,luh,1
YouTuber,elbokeron,1
YouTuber,tae perxita,1
YouTuber,ari,1
YouTuber,maradona,22
YouTuber,Pibin85,1
YouTuber,knekro,2
YouTuber,nia,2
YouTuber,barbe,1
YouTuber,silithur,1
YouTuber,lely,1
YouTuber,tae,1
YouTuber,sisi,1
YouTuber,beika,1
YouTuber,coliseo,1
YouTuber,stockytheduke,1
YouTuber,maisonholguin,1
YouTuber,elemao,1
YouTuber,orslokreddit,2
YouTuber,traw,2
YouTuber,keyan,2
YouTuber,juanluuv,10
YouTuber,Juanluu78,89
YouTuber,orslokclips,6
YouTuber,elded,1
YouTuber,viruzz,1
YouTuber,tgd,1
YouTuber,galderah,1
YouTuber,djkevinsensations,1
YouTuber,travis scot,1
YouTuber,sarinha,1
YouTuber,Orslok,23
YouTuber,Wolfang,1
YouTuber,Flipin,1
YouTuber,Rubius,3
YouTuber,Lolito,1
YouTuber,Alexby,3
YouTuber,Cheeto,3
YouTuber,Borja,1
YouTuber,Maximus,2
YouTuber,Vinagree,1
YouTuber,Reigarw,1
YouTuber,Alvaro Reyes,1
YouTuber,ElBokeron,2
YouTuber,illojuan bobolón,1
YouTuber,Cecilio G,1
YouTuber,Nysyx,1
YouTuber,Anais,1
YouTuber,Rober Wido,1
YouTuber,Idubzz,1
YouTuber,miguel saiz,2
YouTuber,tyler,1
YouTuber,kobe,1
YouTuber,machu picchu,2
YouTuber,álvaro reyes,2
YouTuber,sergio nazarí,1
YouTuber,sergio,4
YouTuber,orlov,3
YouTuber,juan,11
YouTuber,will smith,1
YouTuber,ozzy osbourne,1
YouTuber,freddie mercury,1
YouTuber,hoover morís,1
YouTuber,javier,1
YouTuber,bisbal sa,1
YouTuber,cristo rey,1
YouTuber,efe,1
YouTuber,paul agon,3
YouTuber,travis,1
YouTuber,gabriel chachi,1
YouTuber,chachi,1
YouTuber,jorge molina,3
YouTuber,josé luís de jerez,1
YouTuber,sánchez,1
YouTuber,andrea ranocchia,1
YouTuber,matt jarvis,1
YouTuber,magnus mephisto,1
YouTuber,biden,1
YouTuber,arroyito,1
YouTuber,darío,2
YouTuber,sandy,1
YouTuber,reina sofía,1
YouTuber,gracián,1
YouTuber,príncipe asturias,1
YouTuber,trump,1
YouTuber,leo,1
YouTuber,servio,1
YouTuber,robert reid,1
YouTuber,james bond,1
YouTuber,stuart little,1
YouTuber,miguel osuna,1
YouTuber,veronica,1
YouTuber,gregorio marañón,1
YouTuber,guitar ita,1
YouTuber,gonzález,2
YouTuber,díaz,2
YouTuber,john gordon moore,1
YouTuber,javi,2
YouTuber,giovanni maccelli,1
YouTuber,liszt,1
YouTuber,fanny lu,1
YouTuber,rory salas,1
YouTuber,alberto,1
YouTuber,nicki minaj,1
YouTuber,rubén,2
YouTuber,charlie bautista,1
YouTuber,chávez,1
YouTuber,juan canet,1
YouTuber,carlos serrano,1
YouTuber,carlos,1
YouTuber,brad pitt,1
YouTuber,shia lebouf,1
YouTuber,paula gonzález,1
YouTuber,brad pitt moneyball,1
YouTuber,paula bonus,1
YouTuber,willy,10
YouTuber,william,3
YouTuber,willis,1
YouTuber,álex vídeo,1
YouTuber,herbish,1
YouTuber,bolita verde,1
YouTuber,messi,6
YouTuber,bernardo,1
YouTuber,ronaldo,1
YouTuber,guanaco,1
YouTuber,matt groening,1
YouTuber,travis scott,1
YouTuber,yantián singh,1
YouTuber,robert organizo,1
YouTuber,vejete,1
YouTuber,white reina reech,1
YouTuber,goya,1
YouTuber,lubbers,1
YouTuber,grande diego,1
YouTuber,maradona maradona,1
YouTuber,rico pop,1
YouTuber,dani red,1
YouTuber,equis guyer,1
YouTuber,andrés hermida,1
YouTuber,miyazaki,1
YouTuber,sanz,1
YouTuber,van gogh,1
YouTuber,jaime,2
YouTuber,juanlu,1
YouTuber,tommy rey,1
YouTuber,vice,1
YouTuber,rebenque,1
YouTuber,orson,2
YouTuber,villeta,1
YouTuber,chat,1
YouTuber,aissami,1
YouTuber,joan romero,1
YouTuber,santander de loseta,1
YouTuber,miguel,3
YouTuber,miguélez,1
YouTuber,jeff bezos,1
YouTuber,diego lara,1
YouTuber,miguel sanz,1
YouTuber,andrew virus valls,1
YouTuber,manuel fort,1
YouTuber,alex,1
YouTuber,farga,1
YouTuber,fardan,1
YouTuber,leiby,3
YouTuber,christina,3
YouTuber,dramas,1
YouTuber,tramas,1
YouTuber,davis,2
YouTuber,santa claus,2
YouTuber,kristen stewart,1
YouTuber,anna frank,1
YouTuber,stephanie verds,1
YouTuber,mickey minnie mouse,2
YouTuber,iván,2
YouTuber,jesús,4
YouTuber,will,2
YouTuber,orio,1
YouTuber,dani rovira,1
YouTuber,anabel ávila,1
YouTuber,louis gates,1
YouTuber,jesús peces,1
YouTuber,malia,1
YouTuber,powell,1
YouTuber,maría isbert,1
YouTuber,estrategia giovanni,1
YouTuber,isis,1
YouTuber,niño aladdin,1
YouTuber,joker,2
YouTuber,orlok,1
YouTuber,steve hooker,1
YouTuber,remil kutcher,1
YouTuber,luigi,1
YouTuber,barita,1
YouTuber,bieber,1
YouTuber,snipe,1
YouTuber,david broncano,1
YouTuber,juan quintana,1
YouTuber,trobbiani,1
YouTuber,philip hammond,1
YouTuber,robert ruido,3
YouTuber,mozart,1
YouTuber,vivaldi,1
YouTuber,west,1
YouTuber,fernán flow,1
YouTuber,lesman,1
YouTuber,kanye west,1
YouTuber,joffré,1
YouTuber,tinelli,1
YouTuber,valverde,1
YouTuber,vélez,2
YouTuber,méndez,1
YouTuber,lady gaga,1
YouTuber,brandy cooper,1
YouTuber,de marta,1
YouTuber,mendelssohn,1
YouTuber,faber castell,1
YouTuber,john z,1
YouTuber,brad smith,1
YouTuber,pancho,1
YouTuber,Rafa,1
YouTuber,Pepe,1
YouTuber,Sebastián perón,2
YouTuber,Franco Ramírez,1
YouTuber,Barba,1
YouTuber,scott,1
YouTuber,mika,1
YouTuber,lolito williman,2
YouTuber,belleza,2
YouTuber,nolito manga,1
YouTuber,pérez,1
YouTuber,picaron figueroa,1
YouTuber,figueroa,1
YouTuber,camelan,1
YouTuber,tomatlán chamán,1
YouTuber,josé arteche,1
YouTuber,walesa,1
YouTuber,adam sandler,1
YouTuber,obama,1
YouTuber,ceta,1
YouTuber,felipe,1
YouTuber,bonnard,1
YouTuber,robert ruidos,1
YouTuber,robert huelo,1
YouTuber,felix mm,1
YouTuber,johann,1
YouTuber,robert,1
YouTuber,rubí 2,1
YouTuber,carmela,1
YouTuber,mel,1
YouTuber,ellos,1
YouTuber,robert witt,3
YouTuber,jiuquan,1
YouTuber,reeves,2
YouTuber,telepizza,1
YouTuber,johnny knoxville,1
YouTuber,estivo bam margera whitman,1
YouTuber,chris pontius,1
YouTuber,madrid,1
YouTuber,erika andrés,1
YouTuber,aleix,1
YouTuber,johan,1
YouTuber,silvia,1
YouTuber,daniel varela,1
YouTuber,franklin,2
YouTuber,ron sveden,1
YouTuber,ron,1
YouTuber,katy hole,1
YouTuber,katie,1
YouTuber,price,1
YouTuber,malcolm,1
YouTuber,charlie sheen,2
YouTuber,ashton kutcher,1
YouTuber,dan schneider,1
YouTuber,brooks arbolé,1
YouTuber,carla calderer schneider,1
YouTuber,southers chowder,1
YouTuber,haim altozano,1
YouTuber,ronaldinho soccer,1
YouTuber,miguel de miguel,1
YouTuber,tito ring,1
YouTuber,germán álex,1
YouTuber,tales big star,1
YouTuber,jorge suquet,1
YouTuber,díaz sodio,1
YouTuber,roble,1
YouTuber,mario,1
YouTuber,alex molón,1
YouTuber,uco,1
YouTuber,camilo fin,1
YouTuber,roberto sánchez,1
YouTuber,lenin,1
YouTuber,allegri,1
YouTuber,agravia,1
YouTuber,barrabás,1
YouTuber,lewis,1
YouTuber,xy tsukiko jurisis,1
YouTuber,homero,1
YouTuber,platón,1
YouTuber,ag protector altozano,1
YouTuber,steve jobs,1
YouTuber,eugenio s,1
YouTuber,giorgi,1
YouTuber,anac,1
YouTuber,burgos,1
YouTuber,cooke,1
YouTuber,ángel qaraqe,1
YouTuber,aguirre,1
YouTuber,eric,1
YouTuber,dijo diego fleischer,1
YouTuber,wanderers,1
YouTuber,iniesta,1
YouTuber,wolfan,1
YouTuber,nardo buen ardo buena,1
YouTuber,fernando bernardo eduardo,1
YouTuber,pedro sánchez,1
YouTuber,raúl,1
YouTuber,vinagre,10
YouTuber,cristian,1
YouTuber,iván drago,1
YouTuber,ocelote,1
YouTuber,reyes,2
YouTuber,aaron hill,1
YouTuber,lass,1
YouTuber,cristóbal colón,1
YouTuber,alexis,1
YouTuber,ángel,1
YouTuber,emilio,1
YouTuber,claudio díaz,1
YouTuber,robert we do,1
YouTuber,scarlett,3
YouTuber,poeta twain,1
YouTuber,juanmi,1
YouTuber,evan hill,1
YouTuber,peter shub,1
YouTuber,cosco,1
YouTuber,ducó dromo,1
YouTuber,paulo chileno,1
YouTuber,roma' gallardo,1
YouTuber,ramoncín,1
YouTuber,chavela,1
YouTuber,danny,1
YouTuber,dalí,1
YouTuber,escobar valdez,1
YouTuber,lovato,1
YouTuber,alex vida,1
YouTuber,qiushi luís,1
YouTuber,berna,1
YouTuber,erc heribert,1
YouTuber,vitales,1
YouTuber,joni,1
